theta0_deg,h_km,p834_9
9.29530169598585,3.9874250348855,0.0309420276136658
3.1641227947087,3.613131114127,0.161488679681954
1.83982027914759,4.00365384071524,0.251041900028102
2.04619366497329,4.85744204332353,0.209405762969586
5.6771148407587,4.38662196403626,0.0684788080623976
5.95525594038656,3.03360009080524,0.0758580122355783
9.64421616831675,1.36993868725303,0.0417600789696189
6.53146461452197,2.59335159363811,0.0694748335232157
7.48856856206405,2.84389184683662,0.0534937170874504
6.53539156877565,4.75827013169147,0.0522003346591423
7.4766526630942,2.22177077956755,0.0583711567974921
9.61214474725607,4.72668308237703,0.0262861557678122
0.0848662028196518,2.86336119407939,0.618907512109668
1.0652308782238,4.58594531805369,0.325428518879415
2.98743973026628,1.91951728792841,0.209194913934762
6.56379900845654,0.234752186326254,0.0929534104768811
8.09750590030427,4.30169869989467,0.0383009440281261
8.72101478541538,3.73540768814612,0.0360877709620557
9.64554667852456,2.75835738076139,0.03419394163754
7.2364060985057,3.08644572557793,0.0548918275198168
6.42446832830262,4.18950150005193,0.0577985858924675
7.17410130088251,4.49819222689776,0.046173918787277
4.67605487417853,2.23361051251486,0.11915527353711
3.2561956060387,0.512899706905006,0.221420024088346
4.39656676963633,4.13956989457502,0.101862512404955
7.29643144930302,4.3255441998186,0.0458790719510769
9.93915782982782,1.23613750701893,0.0402523204647354
6.76838337031415,2.24592161762175,0.0686753648380179
7.90764353344219,3.21669655635232,0.046239332099812
1.70980074940876,1.88773451552607,0.334418288575811
0.269439059347776,1.5376693181862,0.647822178629418
8.00310169876676,4.46670141116328,0.0382731099368654
9.03641793709357,3.01693185934601,0.0372917767577444
0.247712751871794,4.38577366011658,0.48804634110645
4.91748968982197,0.296424123815137,0.13908957553048
5.26249916316388,3.11914484153838,0.0903221987787475
5.96346737217297,4.19328081170984,0.0650597176736037
0.520471535935131,3.03371140028369,0.493179316901729
8.9501051014831,3.38691198620907,0.0360689884335336
7.28220527091052,3.4892311639437,0.0514432835227415
8.18286341387637,4.7214063805313,0.0355593423845829
5.00222708283881,4.41355978384807,0.0823190141030983
8.10127370921494,0.849241259992106,0.0613033689269371
0.960493320394177,3.39726560291685,0.388542017942069
2.19006253723347,0.161973782713351,0.328137671003191
2.58767317790792,3.95149144462701,0.189959089881771
4.68112132802145,4.05948248809187,0.0945269184499985
4.5938132796296,1.05461677087931,0.140217371603106
7.09467878253137,2.59843965830987,0.060610237852372
1.78117395282361,3.93555193202608,0.259023495411023
5.31443594382762,2.52904041926133,0.0960362192677758
1.67808680340728,4.95517451444092,0.240099154273099
7.68760155622129,2.36916233711071,0.0545425216295471
9.280849150055,2.28206981085033,0.0393480463806629
6.09471759261905,4.30601150933948,0.0619521351426322
1.50253457969948,4.50664991873452,0.271922151238158
4.89628778353257,3.26668073782436,0.0982406822909659
3.77369484842459,4.0249039474014,0.125479537056082
8.48531691695383,0.0108031584415142,0.0632607100485881
9.11015009185946,3.19670140673552,0.0358227245150351
3.83871951413057,4.13126792772254,0.121276687830298
3.15532804215445,0.203976672796661,0.235104069689793
5.68380473964865,2.95473693241144,0.0823096641508868
1.87880471417395,0.976285397488922,0.343019855133886
1.25916375518605,2.02886242106756,0.395572362746086
6.87558285883483,1.70584404976002,0.0719083458478339
7.99546796603813,4.88110915709003,0.0363136218433852
5.73521857885603,3.65799509449553,0.0740930535543447
9.73135335603165,4.83181543779101,0.0253137927787503
6.34027566262051,2.73878105760117,0.0714699557655143
8.88344040466465,1.01425985687117,0.0510269618052724
4.95415675805713,0.907243516716689,0.129006416205234
3.51646206584234,3.5670116079202,0.144353235020684
7.14187522470812,4.2931003824245,0.0477991440186143
5.03928330624626,3.3536975774052,0.0932845831975651
2.25692478999335,1.81943470423283,0.273597878399009
2.45025445353816,0.546188376664438,0.289353711196036
7.92742139909581,3.10852404065904,0.0467188890679547
4.95173380028467,0.926297894897634,0.12881549356081
9.15010654665097,1.10039504849187,0.0478032156667462
9.45282759508243,1.47713478415511,0.042676186196246
5.33225583209285,3.66593612146612,0.0825713229194567
2.52542096038515,2.46225936827596,0.231250194315186
7.20817885763213,4.82918389649587,0.0438680470616092
3.67465276041818,3.25454136992175,0.142483984492551
4.98648713222471,1.00355489752628,0.126493707847783
2.26629732452963,1.39453555025443,0.284971819916185
3.53594933616698,1.79602245025907,0.177153918481696
6.50821616265881,0.295815614525656,0.0935051683560719
3.12970308726091,1.34002022607046,0.212442463580071
7.68681700079906,1.99294222386092,0.0574294797607658
7.8178073595058,3.11909479889125,0.0478119900046329
8.52339001044137,3.11430137682755,0.0409808360836572
9.49815759003957,4.93847167014241,0.0261601081078281
1.07401447618604,4.08884461818528,0.34255920684629
9.1064321089421,1.62403525402641,0.0447590488739068
3.36087950880104,0.371444581337173,0.216977898983702
8.26315150729282,3.85234407439595,0.0392100150976147
8.98021014992823,2.63522728502875,0.0397958824007891
0.428067612754658,3.19764336390787,0.5062840039079
1.95855840088979,0.21948859833859,0.355802403414419
2.94542421692713,3.695879483029,0.172406577462443
6.26974480595815,4.51281629093771,0.0576462057875104
0.863058605017276,3.455136191137,0.403206240330271
1.43016430808247,0.823590272546374,0.41503835289415
5.15823353927086,1.31366018423587,0.116469054848485
6.89303461392367,2.2916163405216,0.0662506016983416
8.56554485627731,3.67516485772284,0.0376114663450969
6.47332210985447,2.859506336513,0.0680392714958721
5.81602351795634,3.72571957773235,0.0718818830451925
7.1107373190744,0.511649707001434,0.0794071498578145
2.52466373675116,4.49322499556069,0.182203516831409
9.00079651545911,1.1120009907272,0.0491618530394689
4.42305234167703,1.68012372309232,0.137047059743823
0.206167204917807,1.65923948800318,0.659830647149689
9.59569081794016,1.60876691316819,0.0407219434592281
6.52194977363236,4.23721092881831,0.056045901225033
5.13203608854653,1.98724812401752,0.108076717216547
6.82319911861077,1.62017933496707,0.073628645350304
4.89542482551045,0.782728239512488,0.132909910194506
9.26404873223181,3.65887500198103,0.0325660125462428
5.15876596214217,2.13160273760887,0.105374899829689
0.722454497605838,3.09777483534517,0.446375767120402
5.67494796539424,0.503004844021492,0.111771742840178
6.15220135087,2.94436155165746,0.07295276976797
9.41457985210746,0.997837644946023,0.046060236357165
4.15380282050059,3.02575880616722,0.126120130231023
2.64487086580568,3.462277590533,0.197225130545935
0.974736867327054,4.44288387082062,0.344252379478602
4.85847053033626,3.50344203726324,0.0963590043075304
4.64669930288381,4.68587968807285,0.0882066039810963
0.29853365127744,1.69900755722963,0.628452219307136
6.94238606365004,3.2003871716308,0.057972604111305
7.16903722942753,3.57133734131017,0.0522595723039495
7.29765461006511,1.13001944336571,0.0703677616938427
4.14368146986108,4.06049475909006,0.111161197043527
0.151958250252002,0.919217955173334,0.730526990660134
9.0889336245265,1.28078584049099,0.0471640534000351
7.89320842366738,1.64945464380591,0.0575057034996215
1.65266129329344,3.97136883491056,0.271713582097656
3.12823404134006,2.88693676991951,0.178383861126598
6.10923116758432,3.07702618466596,0.0724854253773011
3.64517388661515,0.161132333215477,0.202463726275116
1.56107381483659,4.80666050524569,0.256387440191157
1.77368352661867,3.28932009052239,0.27972634823626
8.67816093112837,4.8009963564035,0.0315923213568723
2.90136649510805,1.00852408351333,0.237159862940605
5.85162585390399,2.76479695940532,0.0807183633933602
4.54004076934287,1.16700749486328,0.140586608816406
4.11195896546104,0.925695694619948,0.163407244462129
8.82557918287806,0.505427080396462,0.0553860460010214
6.9266947319179,0.51289934157738,0.0827622207321203
2.79317500524711,0.71292665264813,0.253119179313598
0.645273431390465,1.77890601007502,0.530170396855114
1.98683889036097,1.55601768136841,0.310992478048609
9.31596408154015,1.74496771781382,0.0421887486121895
8.54342685067134,1.8223075934029,0.0488528157314752
9.54643787614013,0.734081820738311,0.0466344374320162
0.523428975735243,2.66927115792232,0.51164589488426
5.79455786254816,4.65038291212357,0.0641390418918601
4.805001673958,4.90890286635994,0.0818492334467307
0.218046371797691,0.283470901292999,0.752883821720479
3.73645739641648,1.17799735058576,0.178126770481164
4.14108982816324,4.18505820066442,0.109525159856707
6.03886452467222,4.43550162208621,0.0618152383464884
6.71714377609767,1.16496313269276,0.0800795491271231
8.38797927298229,1.06221461824556,0.0560872131530753
7.7947030307721,0.084962289832635,0.0721583212641736
4.00720903832423,2.95553450746972,0.133090407930244
7.94470325543405,4.33470283365451,0.0394607224467406
8.93045685535524,4.06514531865921,0.0330216612528618
2.6253719292072,4.43775623359598,0.176756702080098
9.8909916797663,3.92995710910962,0.027673924352774
8.53236437595935,1.8323563045277,0.0488974192818418
7.3143086060655,4.51365012954014,0.0445717226372956
3.55594511581412,0.445975869517563,0.202764626229185
8.83212832809195,3.43689397723562,0.0367173887842278
8.6788549900892,1.90826518922592,0.0469215820412901
9.55675292544471,3.76678203641338,0.0302408047651906
0.00207235068433028,3.64846908745397,0.595339154342621
0.166377337105909,4.70666712928363,0.491833685325397
3.14107243247292,2.05657377658198,0.195631804740538
9.95217111357797,1.90821332227465,0.0363985626492907
1.48914454311359,1.79817606847976,0.368567729839213
1.67443643284763,0.964415781439755,0.37164278662985
7.58520322510536,1.78603895793554,0.0604279727764397
0.696157602210922,0.803797400061339,0.569857275061673
7.05432343908551,1.33608169961801,0.0724030519492833
4.6917144872274,0.583206132369006,0.143591438022212
0.102861784820878,0.12192988174167,0.811824637675303
7.74768898093689,4.54307578209989,0.0401466161928187
7.94142168158802,4.28370731171125,0.039757475653476
1.49639537855516,3.59815744950474,0.302257313075343
0.237988910637309,0.553876359997085,0.725825133410476
7.62011358140211,1.43197386094723,0.0628987613893497
2.23725445857366,0.855342510417104,0.303583064730936
2.62221962885561,0.048496513204554,0.284253780885295
4.5687812887494,4.08079963021788,0.0974566647081775
2.49976933123317,4.09387492192216,0.192876531984544
5.68269904878429,1.5221516597671,0.0988618423857066
8.46873608310862,0.145614003045308,0.0623812435729348
3.78123917122165,1.82871562158884,0.163381441278086
4.3247862340875,0.978156739536362,0.152698592790443
8.32552652438857,2.35742836167976,0.0474837249744641
3.71157709307055,4.48751319637973,0.120873536677548
0.40645161271777,1.9135413733519,0.584140481722348
5.54660551674793,0.567554054933621,0.114640224169233
4.51255993562358,3.00758671563421,0.113489924936527
7.25255916531386,2.31407136562763,0.060694570139567
3.78474832210133,1.87719393271315,0.162293283497249
8.40594363209765,0.502574140155117,0.0602824019877636
4.69320830644908,4.5362212851715,0.0886632843846725
5.62630900326371,4.42371363331812,0.0690948266991708
6.6116709937721,1.25940766393204,0.0811241011391799
4.62249419151166,0.225752660624435,0.15174394121871
6.23612218099619,4.42189951976482,0.0588357245930312
2.21936255059123,0.791228293496429,0.307395581219905
7.32816544131848,3.10840422031416,0.0535664188660945
3.81705752278257,3.30051684942724,0.135380974342992
1.9489557486221,2.59641788768064,0.282308041515397
2.7120854223901,3.78343430088969,0.185289081843188
2.4927520695242,1.90461063795999,0.248895662312064
1.52208634443015,3.61862323508962,0.298380414816937
7.71319429460486,0.117047961438725,0.0731173930420957
2.55460650017504,3.49132469253522,0.203072400707833
1.27617896367525,1.0280120415444,0.433797247905554
6.65134119892029,1.02316142357514,0.082806798508035
4.12822387690247,4.77935355986246,0.102075178224268
6.67734212885596,2.49471895468262,0.0679200626801584
6.59781554394574,0.72636355847699,0.0870022356519294
3.05416596343124,3.54033693331702,0.16917161199054
2.01283996180545,2.01394818540083,0.293550328815632
2.22082721073826,2.94727625885296,0.244726917366777
1.20046869171262,2.32929034646552,0.392902485157313
0.372380119420579,2.91009907142407,0.535681928614459
0.342247572074144,0.251715070582586,0.709693924638686
2.30550448604973,0.735254130392791,0.299497271772412
2.28408035724204,2.28762861692029,0.257465287781423
6.24885639800425,3.79128072223397,0.0636733490574155
8.92482673229668,3.08147271961933,0.0378233788403156
7.79672070639694,3.58584311388797,0.0450961867587629
7.21406978374349,1.35182210753726,0.0696532022768533
3.10480070603446,1.66068284559094,0.206942021048209
3.63110799739895,2.12748397990291,0.165439495342075
1.96142567507517,4.73359256497897,0.219701455686654
9.35404699674075,1.57179334145166,0.042924814634513
5.61721653375985,3.52358415194733,0.0778200742399698
8.17228078583333,0.179495819268794,0.0659503606391352
3.48944198150816,1.69959266579103,0.181767125091447
7.99654319971048,4.69432653517611,0.0372003672641017
1.04183641634836,2.52284055692803,0.411924721026161
7.12077741094369,3.30901836924432,0.0547501720472152
9.17365006216477,1.43698456282095,0.0453546814204293
8.03524651555473,4.04325084042949,0.040195733218761
3.27147723669698,4.7976345739757,0.134693912508089
2.55156157828013,2.19515391055442,0.236065150900695
4.95003173922266,1.32211804368915,0.123139805645236
4.13628232078613,2.7260379275054,0.131578245058077
4.24952107873694,4.17247389045408,0.106089051823173
0.744634291838,0.260259748954374,0.585750647996334
6.03369973159266,0.805682467137112,0.0987070257019348
7.47150293598764,0.213004798032818,0.0760884988474214
7.97516711415488,0.0268731365435305,0.0700002468410351
3.81524222449282,1.89386726547062,0.160453239593837
7.97098721189846,4.88497403245253,0.0364958418181107
4.71803010140267,0.843010023478335,0.138632735431222
7.21354891310402,3.44530514782875,0.052590922683959
1.89274846736648,2.76758137845931,0.283076283398191
4.34608790237734,1.46739371469343,0.143667863290292
8.23403415430331,0.473613605769635,0.0626843152785432
8.2620737333953,0.0582375193940164,0.0657596049945738
1.89587578384932,2.31895076830515,0.297063510817914
0.201981497186326,4.79608009247261,0.478659815116268
7.03450687778758,2.89118705924894,0.0591078609330264
3.47300665395055,1.49043780737466,0.187010406979234
4.19519915460209,2.82783250139982,0.127629490101549
7.68035285397083,3.29745860467489,0.0481434335907095
9.62785490691026,3.07341107147627,0.0328227520759727
8.92486793864175,2.42993857013362,0.0414317138648438
1.35015278220699,0.0732001085240549,0.457433302967111
7.97745154049074,0.951454197551196,0.0620772355807915
6.82054189418888,4.45826923668642,0.0505620358168811
5.3004687654366,2.2526845383381,0.0998436689282982
8.65908458875126,1.34551372671844,0.0509866554843727
7.53197445733658,2.99010365083249,0.0519228952191108
0.932839463018875,2.75278543548841,0.421542206444544
3.29473544145164,4.73184116737026,0.134713167380292
4.12380223093729,4.77007492291753,0.102334802396985
0.0106441484455518,2.96299415313701,0.635708965610443
5.9754405041434,0.854143783232641,0.0995642733886305
6.82525029774119,1.30437561618779,0.0766834192536539
3.66307505391219,0.15830547672605,0.201416180589259
3.96519557655493,2.19144822618652,0.14792796684357
4.75364073682211,0.619349789873201,0.140625879136031
5.81063684563137,3.24107059873335,0.0766794063501835
1.37209700385202,0.0131050404031842,0.455485927070918
9.99314290629356,1.59176502443728,0.0378225407721622
5.07325743341434,1.90727875466332,0.110928750472621
4.93068091204831,1.51377296683578,0.121023183477394
1.86937380076873,1.5304938455613,0.32607509461066
2.96128797160659,1.34102979705381,0.224670519761924
7.98455356204084,4.5650508222629,0.0379384731465001
2.94819337278749,1.87069292604047,0.21314881582566
6.97082169014861,1.86175668331685,0.0688766870880058
2.73004636905176,2.84017047348741,0.205853347373612
9.12445945575154,0.72975180768002,0.0506245623011747
2.98579525913149,4.96815495404358,0.145663287531485
8.89781800149249,1.97506772620186,0.0444259491846718
9.46632949305971,3.85294618427622,0.0304360939975919
1.68979040306525,0.632683121562084,0.380763649616253
3.59319547451488,0.466093702776094,0.200069868518089
6.82140867410659,1.34403952284023,0.076359739003521
9.21307691661031,3.31100982966464,0.0345227004988163
1.44995359125485,1.62099095513377,0.381270265546168
0.999544100811889,0.0446163790880128,0.532276274948862
4.11620456016339,0.93875894542184,0.162976148419547
9.75030345683841,0.97204734941057,0.0433516952783747
0.415982395905052,1.31232768075419,0.617791404891043
1.86976911653588,1.28802207084432,0.334018026261893
6.08746234398449,4.03579260869788,0.0642895290789758
0.873012713801183,4.41267290981869,0.361629707836684
3.16324896281171,3.22170042311467,0.169363686673068
6.10113749351777,3.20587931820794,0.0714174606222776
2.01254473955551,0.817049318752831,0.330996257682624
6.91859336884512,2.70569160941316,0.062297603992165
2.4467804579812,1.89751421715018,0.253228328963982
6.8033562155596,3.67419357061079,0.0562940809263315
4.85940541364095,4.41766682491788,0.0857345514147779
2.60542712708163,1.0632707884211,0.261029134516149
2.82783771152836,1.28652595590245,0.236384536638348
9.05370529503223,3.065718269387,0.036907447856724
2.75887518900975,2.42128528403215,0.213865958613191
8.41079812899269,1.87903568959833,0.0498401994437857
1.96485089810756,1.23800945968628,0.323737889417711
3.30617312778567,1.56690408035263,0.195681078466196
9.46540559206243,4.34012210245631,0.0285027373820676
5.06070635168816,4.07039364696122,0.0845851949612915
4.03435175123772,2.28722601088713,0.143175891752906
0.271561260691855,4.35126610165024,0.484044392759703
6.21749334695465,4.43902890023579,0.0589873874567438
3.47379037055977,3.94404000788005,0.13976428970269
2.76843867959037,0.672146633699276,0.256227494709356
0.641419629781127,2.90186508674151,0.472883383782229
3.34423640811898,0.361746511573066,0.218311973877609
0.677964004764999,3.31204425100439,0.445248539172784
0.0392348341332596,2.19614192677431,0.678039426894151
0.410596098538028,1.49601743601539,0.608114590250037
3.48985074649836,2.32996805692517,0.169039773094084
0.920359199742428,4.84466998778082,0.337533524504812
5.20311663313556,3.51162679170645,0.0873032437793403
2.15806663419524,0.151023767612471,0.33228056133799
9.91568211796902,4.7322950913763,0.0247277382044118
2.67233723619239,4.37838304338714,0.17500476094341
6.80132018930814,0.602050760275977,0.0842493118497857
5.26240869944488,2.39985754408674,0.0990228455226366
4.3993508511652,0.114453460762895,0.163155579172105
6.61522934676992,4.28401366986684,0.0544197336472443
1.34858217568735,0.664653720408345,0.43530539980761
7.8779143510807,2.50703388806395,0.0512922160628496
1.38050105472182,1.30682791818797,0.404609194791289
6.32896713069967,0.45917288256615,0.0957139575184927
2.13722624628995,0.902345662773944,0.313519825905717
0.234706396702789,1.48549743952626,0.662311174782483
6.2690858648632,4.20789091768886,0.0599861929887552
6.42135293824889,2.86368430881663,0.0688878179553917
6.42074916114856,2.90184984309317,0.0685511193304058
8.64547975494281,1.57181813351763,0.0495342853664108
3.37233963185743,4.66023076429213,0.13237816973539
4.10976195070762,1.94077584737817,0.145829202501429
6.10296620038325,0.656044616627772,0.0987745734784696
9.40755022100594,4.04673783862222,0.0300004831377424
1.52146854338591,4.52877730516755,0.269095596266263
1.84121194408615,2.42075299882501,0.300083435599717
1.54507400538361,0.204040061465331,0.418163093772324
7.12781760984652,4.24951869575594,0.0482358029625124
9.27897564713979,2.44359332214246,0.0384700378818948
4.22702642545677,1.66419868938908,0.145441411304815
5.45168228196303,1.05022541078584,0.111151944976228
3.2242448752887,2.32771549058082,0.184459725763746
1.60772542297856,4.61817109472294,0.256966640234868
7.03111394186628,4.48103033320141,0.047893635187142
7.30202356735722,2.16804862002336,0.0611990396087293
9.60312456701392,4.93665661081457,0.0256178580401069
3.7051647265273,4.35286004840389,0.123166660362243
7.16655052139936,2.67592257227679,0.0589745998025566
9.85964005580976,3.40852955852045,0.0299195362817404
1.10845405164652,0.00477101446384602,0.509313729620634
7.58176903199195,1.05190365624146,0.0667356620346939
1.57622610511095,0.762552820831697,0.393579944172494
8.16371968357258,2.91680255970432,0.0455201558945942
5.54095724918208,4.09567795138022,0.0737697307404511
5.81693878815241,3.92176785211539,0.0700547279149089
9.36058354084189,2.58635474793831,0.0370852591957548
4.34360885550538,4.30311965195207,0.101399723822771
4.89129360930785,3.1439937910254,0.0999302589238145
6.66097240712405,4.710004075011,0.0509027002979795
6.30127970281825,0.512854960105987,0.0957474415396417
1.30278709703026,0.121113069260881,0.464700622668535
3.5387320243799,1.05576968524011,0.191888499955842
6.35096359959197,4.95415944288856,0.0533365924401558
9.18872069836257,0.365607224776911,0.0525939919041968
0.913484672127816,2.97932310022592,0.414993632183825
0.71167908565033,4.20741539397605,0.398196675700017
4.13728893808828,0.841932327211106,0.163636305271113
2.15698041052478,2.34652270903178,0.268167400812801
5.19694691823399,2.92753460075534,0.0942642887024359
5.58502319324159,2.98491989650117,0.0841784842866864
4.73705423890246,4.50546800985667,0.0878678380773816
2.15928947234937,1.0577117998655,0.306415442517058
2.39490997522552,4.43289770469539,0.192604808604496
2.16794905070947,2.85530820647154,0.252269917607992
6.55659240058392,2.95248267193291,0.0658320572886954
8.46324171750138,4.84020091190991,0.0329219652427454
9.30378300437338,4.03877789820188,0.0306744833709765
8.00245456026135,0.242560275969355,0.0677546222602389
6.80689700061211,3.09979438898392,0.0607130432137609
2.07315506790785,4.98999539459995,0.203995491264871
7.41611393028742,4.41540809397868,0.0440813937449439
6.96865204778664,2.67050442121776,0.0618477553254384
3.81783122363539,0.230394425679757,0.191013094306534
8.50049100816496,3.56065534974221,0.0387395838306474
5.28105558873406,3.64686141203903,0.0839561946473084
8.92930467173881,0.485566992336383,0.0544112685700661
8.20495263020319,0.53215098370753,0.062577157757099
2.28632903676411,0.316199348582439,0.312912959293756
8.20559844457518,1.87516594620286,0.0520975318685996
1.38633712851607,1.00023605545526,0.415651116193795
4.82471001675153,1.94500685181271,0.118334142936049
1.48880794311311,0.507526484740092,0.416907142396781
4.48304396120819,0.360664990725985,0.155659425787449
6.65923281109395,1.66162060300707,0.0761473066417792
7.88974618697775,1.01539499145197,0.0627145831410651
6.61988353940616,4.17298424475863,0.0551522241456288
7.11470126374279,0.354536710646409,0.0808747776095647
8.8784607739868,1.07800305666736,0.0506237409925394
1.41746956188914,4.54180747016776,0.280713611027472
1.47640609526652,3.64874814247578,0.303036167963194
3.25965656781341,0.479527456937707,0.221859476526436
0.319674547827647,2.09844673232995,0.597307046173807
6.8772534203741,1.81331037923456,0.0708672161140095
7.64677099231094,4.20404274029016,0.042965158751554
3.50039416791007,4.50877879763554,0.129214491128301
6.15984409145973,4.2959701239803,0.060993903472373
9.58408158845679,0.657809495617213,0.0468091564998886
2.91094406090038,0.236198212831327,0.253941835641068
6.86641126811581,2.51005687386283,0.064755346064426
0.423197846359017,3.29567883019455,0.502266588246169
0.625911309939026,0.994975379757224,0.577859888248413
8.14335815962224,0.930244537981361,0.0601034916464508
4.36631038752791,2.9090541656855,0.120000527905857
3.92090018361685,1.23561485851518,0.167320195698172
3.30681550127372,0.83415762074288,0.211236652118172
4.57667296649893,3.02488030671867,0.111125693156182
8.35285081844123,1.32770937536556,0.0544708225118856
4.66775522424262,4.2277006527468,0.0928944639180082
4.21301730574938,4.36833359910613,0.104678426385204
5.70837382627936,2.88181469745438,0.0825528539910393
7.39008145501992,1.67097205568222,0.0641345498691388
0.551723919123551,0.759945314111064,0.611632811125129
6.24155812942027,3.19387343585701,0.0690058535574311
6.21036115628679,1.46792962672128,0.0870901314688743
0.0121030971280148,4.10742747841536,0.565379966462453
6.0287292770033,0.714719770478795,0.0998967867469014
0.402773750165918,3.0792846666728,0.518773191375703
5.85733216709327,0.883454419503526,0.102185753368621
4.48389748778353,0.772021766378158,0.149174622963315
3.53759521565396,4.7658111780956,0.123643723307203
9.33438529327359,4.37532752424014,0.0291352820310167
2.67302480571989,1.96034552398431,0.232082183303524
2.81343120587763,2.40888488862109,0.210131093004552
5.04904982452925,0.997295676472893,0.124456063947852
6.46776757451782,4.08374561130147,0.0579668312531637
9.70479314337857,0.759052216288684,0.0450931798427709
0.359683042990025,1.48771936756484,0.623501861169891
4.23215226169867,2.41576288455362,0.132762434060746
5.88294426252265,1.21276101963508,0.0975756242989526
7.31655942098972,3.31242358346605,0.0522561190631978
1.75575970703269,2.27893363003162,0.315090081969368
5.10536676852398,0.895376137972088,0.124012112869381
5.00284538920239,1.1661581313452,0.123601330614248
8.92689078451368,0.0901529780228241,0.0574188487840624
3.82706170964053,1.52806456513624,0.16668699895407
6.6283126403561,2.14236721831215,0.0720219398507814
0.469021973901099,0.18007961377181,0.671543296197183
7.51173039224899,3.36314490456553,0.0495988924541669
3.68811535277298,3.49096019106915,0.137801554591389
9.47939030834662,2.57135822183734,0.0362908418584691
3.47255773130581,1.65925507477586,0.183577069606686
6.83856420207188,2.83035332056989,0.0624573704156448
8.24569954768947,1.38796919802169,0.0552541438500916
4.86255743637345,2.68050469447393,0.106845827550259
9.84079036152227,0.970937736009095,0.0426237542346361
6.03793275355623,1.22959990172822,0.0936571368792416
7.59572907018804,0.0939858269569609,0.0751693829962714
6.84479792027179,2.13955144197586,0.0683900836929989
9.32329743936701,0.897809503430765,0.047557021887968
9.49695514434205,4.06901480469735,0.029373689993268
9.9001310582736,2.02946202302659,0.0361220493423733
1.26230152010412,2.33648824867659,0.382531230655842
9.76505297128469,1.86064182495673,0.037994450315718
2.2915983495437,3.22005447830876,0.230961431425095
1.86119211531125,3.34979163881168,0.268358234779986
5.09209579725646,3.39514858997872,0.0914188492708291
5.30491583127379,4.5530585916263,0.0742352362003741
2.82682713826928,0.379074808780436,0.25796879494413
3.10199503051329,1.13122992888366,0.219103764728501
3.09922399254672,4.34707274210615,0.151005956128215
2.66435608121111,3.84639537843124,0.187083730628846
5.93412464641769,0.187094719761707,0.108516936258133
2.17190945584436,2.10882240365567,0.273701420734946
4.02402441094522,2.012828736944,0.148400209947965
2.88603527250951,0.374375287259424,0.253013712638276
1.73906047063189,0.66008859870173,0.372617209068224
2.25768380583863,1.45740880734577,0.284044824954929
9.88543689295983,0.83105602277859,0.0431366103506463
4.34064542620429,4.33667532881033,0.101063172343554
8.28123638165752,1.80306524483587,0.0517761525889831
5.72498329377007,1.36549998573673,0.0996981346419053
6.51869898434716,0.635025903703116,0.089624331078319
7.29692208495451,3.74943949095603,0.0495126382835926
3.91305394390799,2.00857377809626,0.153606195692487
3.92883884075761,4.37209682530158,0.114359720428437
8.59479320116914,4.17727959106463,0.0349296346480279
8.0995760728178,3.68928482659102,0.0415539483156127
8.36476575605055,4.25160503703176,0.0363508913992442
1.88050326677606,3.16457423683072,0.272002243568361
3.59624828071649,0.186337173490695,0.205051185824007
4.81987586272475,4.67533615617911,0.0839365112570439
9.65979431578526,2.61977975395651,0.0347755271130505
5.63300521269514,1.89038768080246,0.0956407905766421
8.27439361625458,2.36045203425492,0.0479890067955445
0.761923884116666,2.49844029293105,0.467129357271261
5.53127316974631,1.49135011070595,0.10323177027379
5.47930871664269,1.06570058025705,0.110152911754471
9.05362509190979,2.39239549011148,0.0405642682830002
3.69514776877933,0.250606776535034,0.197832865749172
9.01082409413203,2.2674017178418,0.0416504393284848
1.40702898727839,0.585415333961204,0.428019200690482
0.992538905639496,4.04981676655563,0.356656565951529
9.73088623388084,1.93930837749142,0.0378137691599167
9.41956611340916,1.3971594874758,0.0434522058979925
5.90928770847468,0.61865586546024,0.104043859867743
0.52047472918433,0.281231409098922,0.649106693973804
0.50241667374096,1.36643674959371,0.590037092024639
3.2463725663436,1.73847565515267,0.195800300587491
3.75774611910274,4.76930616060463,0.114984975326606
7.64096489537451,3.63255438881282,0.0464318814318081
8.5919399030446,0.523979822618679,0.0578864237531533
5.45699132516986,1.99037309155424,0.0989430781090949
3.23890212170793,0.0184007062821122,0.232489591307522
4.05833704285447,3.70195838821431,0.119390425326665
1.09745839610761,4.74876375901227,0.315045951219138
1.37363858726562,2.11019448565147,0.374055128911454
7.45339891083584,0.501600586714539,0.0737039947611015
8.76340257436847,1.14600896766741,0.0513236730418353
2.59037545545687,3.19383621800387,0.20760980443745
6.85564540591708,4.54544247770759,0.0495624522653432
3.59139653225344,2.77632598161458,0.155123056219004
0.0611592203267168,1.87909156138821,0.692917157401205
7.61128621010449,4.18440772781384,0.0434304430296239
4.14039588944067,3.53231385829673,0.118891086234553
3.33925195890915,0.0373144682222325,0.224889703015842
2.78087474460504,2.96659139815955,0.199228730801825
5.92495656035307,3.74463796096688,0.0696732885692652
3.25135622100955,0.0474520043273092,0.231020891838656
9.36717979938996,0.838842196094137,0.0475513456692508
0.960637788408435,3.74137442638121,0.374206078855246
8.83219086739052,4.28223333670911,0.0327446459332361
5.68004129354806,4.50845376977721,0.0673600437849404
0.620110898425632,1.75994458451047,0.537311625625994
8.74913667465497,0.861121688574669,0.0535543628130143
2.24907796621491,4.42807780967379,0.203643426848447
7.99323404732588,3.9179021398336,0.0412612614549667
8.0181460791541,1.95159252891612,0.0536838608310966
0.290487287507842,0.454740565911916,0.71403071809414
6.27073583675642,0.48920367988819,0.0967154424786913
6.04618332952693,4.22859921023528,0.063374267591439
0.782918833502175,3.84470038109647,0.400802516603872
7.72898971993128,4.66049660974344,0.0397032495820561
1.43387960944772,3.44240939211966,0.315661063571333
4.63691870907101,1.0939865866133,0.137914487219016
0.97191253824669,0.192380490353392,0.532146445155455
5.69840245079483,0.485921243652651,0.111326043410489
4.03786204828657,0.931337973688192,0.166931119811034
5.86561388985412,3.12586695894084,0.0767235295623805
7.48656633284679,3.89341206639926,0.0464647356464132
8.89535910264914,4.35219858082301,0.0320111489048307
3.79414277394287,0.164011123565481,0.193522026421922
2.92477774534977,0.707779017633439,0.242278804229229
5.0928838192558,3.51477611865784,0.0900069038615655
5.32807037678806,1.86803211213001,0.103999348255717
1.05500536367598,1.04410996856038,0.475485657073791
0.460318152562948,2.11903403467798,0.557733051521749
6.2196875056118,3.26643946279804,0.0687313380416433
8.22380433277312,4.52025679788388,0.0361823533521327
0.551525571912724,1.0657021996206,0.593983687708062
7.9791385061109,1.37638045362641,0.0585874614510044
2.4429607280232,3.46698860986953,0.212149058374394
8.03477034461044,0.324092673496927,0.0666051857194263
2.98215430449258,4.19876091358242,0.160150956315915
4.67277508956122,3.45214845017716,0.102359053923973
9.32733093925366,2.42936096442833,0.0381744316414194
9.09674833217821,3.32584937639948,0.0352850103843703
1.3000173818154,0.203294229334101,0.462113745249999
5.29491801413302,0.311614873667008,0.125734261307833
6.19141944918708,3.5744089038629,0.0664824548121557
6.24590295098172,2.96441990059043,0.071045693216104
6.46779474122912,2.36583276324907,0.0727307653061194
3.321100575563,2.37969467094866,0.177566868559882
1.1429949258401,4.96665021598259,0.301335880781713
5.71090270245166,4.85312698784181,0.0639140924461283
3.02031081123306,2.47047092917144,0.194311727211634
1.93566904934057,4.9361319633434,0.216765650141998
5.64692750730128,3.30156077754557,0.0794609012730658
6.1046055562137,0.484954597448198,0.100715381475947
0.454207146227501,1.70991688936913,0.583089670647556
9.85278565492092,2.8481625218721,0.0324140823799805
1.03806291460718,2.42811037490269,0.416743490014986
4.05916162918306,3.46880284759981,0.122886176130315
6.65525971894463,3.09324096350348,0.0630593979000759
1.97072643807954,3.92668133137098,0.240527402526573
2.41832103981972,3.1029688257286,0.223386328168338
6.2314781881615,1.04384399024411,0.091356751121426
7.98678603279258,3.50258710278589,0.043699035294436
5.44627439774726,2.0401274544154,0.0986068564421327
1.976478515876,3.44116316724101,0.253854613393018
7.84064916781654,3.46339353709235,0.0453952644835535
8.14270955348974,2.52429160622976,0.0482718719713185
7.10846839129423,2.53887983929273,0.0608997935449634
9.43953931949931,2.63278479830532,0.0362635163080653
8.54876601205068,4.71149774727047,0.0328667322194916
9.63483590796792,3.68141835736838,0.0301225032203913
4.6464627010933,1.87927845113098,0.125476245759379
4.84998246024348,2.90177524050043,0.10427425037688
5.8645145239798,2.6618798417439,0.0815321726615513
9.41900479268322,2.96410235593946,0.034750986943744
3.72308786021591,2.27397292456058,0.15795133053426
5.98222603147466,2.4429865281007,0.0813695123199029
6.13589578450519,1.86095289988103,0.0843774762423019
5.6005210227276,2.0101461482964,0.0950114811270906
1.18594143622696,2.43175894592312,0.391063509555161
4.02931462580683,2.91885709311915,0.132781846612194
2.21554554868384,2.48642201806539,0.258322572166897
7.88221039072738,0.876726049983096,0.0639890356974432
7.63934845019272,4.15489316083468,0.0433198602491587
1.7444313231653,1.64576313343784,0.338249232062426
7.23809020967116,3.49989902260902,0.0519062531884087
9.24477225664309,2.08060636169266,0.040788199780922
4.75939763990538,1.72583298092758,0.123776789555095
9.12856302548231,0.726350057065087,0.0506080366574816
4.37434481712274,4.92493328600175,0.092901344445046
0.659473550570958,1.32063292781083,0.551352516940626
3.63732917066029,0.237016095640857,0.201585613815286
1.89510985981365,1.762802957281,0.315265920753125
1.48402933629911,2.36696874451242,0.3479478269223
2.1113840551675,1.65029447992059,0.293913126685621
8.79483652123362,0.817416330023402,0.0533864755218328
8.17682557025755,3.22350959376602,0.0435206080500116
6.31537367892108,2.24798220797447,0.0767139621438388
9.55191432795897,4.79391188189055,0.026372334181263
1.19126487372982,3.13434909900115,0.361728759563261
6.02251736967107,3.55654709903249,0.069609374396848
3.31458357702689,4.18303424334393,0.143135526941719
8.21466354590339,1.03452839524208,0.0583772732951715
6.5975678023353,1.78598542033038,0.0760411694654974
4.22586543343294,0.948971507187344,0.157645388188487
7.16039698095305,1.68797613326794,0.0674421989391457
2.15345823582344,2.80161069082995,0.255200847084219
0.169295109430006,2.62248589008715,0.608615841640086
2.80774484638648,2.9245937282222,0.198331556270372
6.01700741803175,1.60568473248047,0.0898207010756931
4.60563801868761,2.86881875695351,0.112368940211324
7.10624675749649,0.909585295299171,0.0756090118372982
1.64742925590582,4.18591009164872,0.265677918357959
9.40148014623013,2.3318192107029,0.0381371516949074
9.55357282376773,1.40223158404776,0.0423008202176883
9.8063467309544,3.17894239357508,0.0312196852641481
0.589181574668477,0.778533222000687,0.600000703452105
7.40322074103211,3.01726578593764,0.0532914487903213
6.00631957559189,3.56411008880779,0.0698342534414939
0.890355356503559,1.76759985040695,0.475729237854958
9.89243183204743,3.35165581344634,0.0299642964352827
5.48832533835766,1.66662546936112,0.102172402560362
6.74433015026379,1.85823805620485,0.0727116365383159
7.24847992818429,3.75808070141584,0.0500237521207605
5.68480757098914,4.25896398356547,0.0694716126793613
5.274823636892,3.24302258947691,0.0885920965926746
1.5082279541724,1.43522991886847,0.37937528201478
2.40336441197267,4.82792062283751,0.183163436834258
4.02600774642065,1.01162779401057,0.166096121631546
0.679237356784158,4.4788463059774,0.392579729933297
7.58333222758501,2.25703934005121,0.0567016461153678
3.42723564121008,4.38664064284223,0.134412137847703
9.89640892407225,1.25649952726237,0.0404581299622241
8.88483480604158,4.95828300337444,0.0296199450115086
9.38453530143134,1.90147152256625,0.0406948986815274
7.39052968671944,3.45415149945604,0.0503919017122042
0.270414489090577,0.393851370279909,0.725469372821567
3.82419407183909,0.1222251395391,0.192506094880624
0.106242907101262,1.87277922684165,0.678031705286186
0.65319023800612,0.968235853287677,0.572145927849492
6.81356417055584,1.6200719437772,0.0737977573889205
9.86562144026934,3.50453405537752,0.0294885250437487
6.66217379899922,3.61600129801769,0.0587317836859669
4.15119996235767,1.14231589971747,0.157790183773485
0.412524710189393,1.99892459526332,0.577425746207134
8.94208000459693,1.21658823789386,0.0490151289577359
7.06745615875422,3.34549347452502,0.0551795331296753
4.78903543747133,2.75241004809498,0.108129828126184
2.1566937003743,3.842645381883,0.226024820896757
0.818497106491992,1.57050098798029,0.500841649415656
6.73167563785253,4.42129817112292,0.0519304689152639
9.94680232954639,0.907443245467344,0.0421728546904443
5.93513610176414,3.16795094259166,0.0749278169862035
8.40114412639339,2.988351789781,0.0428078586215647
1.53047462735027,2.06069754873026,0.352729607140054
8.76066345123959,0.45260554799481,0.056507987638533
5.44826629756364,2.07490016303325,0.0981231099620575
9.83545547186625,4.93365402282048,0.0244666685192075
7.35655000489493,1.02295418521,0.0704225437357902
0.931645829452059,0.610308117077765,0.522142254882706
2.9226557236646,3.53787113723406,0.177120120504048
2.73093557589659,2.08465129444208,0.224320379063498
0.712521800680899,1.53714691926886,0.526881775272209
6.79986888109813,0.323564751605675,0.087142781251271
2.24778118294336,1.00241069066027,0.298234582504496
5.51489424657975,3.57869932601142,0.0794328917558382
7.69688385077534,2.73928852237146,0.0517448762667838
2.11775673041779,0.264716397872575,0.334116055731542
2.92829982491845,2.31353736966196,0.204170988898175
3.56446008191687,2.46031778643908,0.16250297475537
9.56276216812661,1.12992872071106,0.0439189241571562
6.60211813357291,1.05703680454055,0.0834208279878991
9.50422301887495,3.53018910875047,0.0315717825886163
0.969482177186329,2.7355721822307,0.415587562219364
2.6457357748,1.52420644783249,0.245564410207017
2.7218357324384,4.20396602513203,0.17554707571832
8.35020156195244,2.41422631802546,0.0468614733152913
8.12789817066049,4.58825581420203,0.0366301704859088
2.93785407835176,4.45784982482167,0.15762337638657
6.49679997558531,1.23393011589848,0.0836564608269653
4.21010439417477,3.18187136739392,0.12158737321667
0.747367443388824,2.92100378154221,0.449733328493661
7.38759093559187,1.28040431378475,0.0676050809000483
5.85352968690891,4.01059265204802,0.0685821368923463
3.44701663462267,0.489520894074132,0.20889843321786
2.58051577696083,0.689202945124516,0.272888197744064
2.91859669857462,4.52006283947479,0.157504910213116
7.69676471836834,2.67718884381135,0.052186750172684
4.24330578279646,3.3140019729011,0.118394055862555
2.88614121406252,3.44414568059427,0.181424845404778
2.6422875567506,0.224689727005242,0.278284355510098
2.76963551366945,3.83407167176131,0.180415148461447
8.42287538776505,3.95363447103566,0.037354298846782
1.69688362770094,4.58704893066093,0.24860153586871
2.52136209076674,2.33334997936752,0.234975088675352
5.91856825467839,0.227732300876335,0.10845217338876
9.75264646146606,1.98447186308582,0.037409251145505
0.042303323441789,3.09634059729552,0.617226417777765
2.40068117953567,2.47035392214361,0.24171361517151
7.26470796900587,2.02545095229866,0.0629268575148857
2.50774382109715,0.572025480986461,0.282911046698997
9.18074504508506,1.42008320722726,0.0454000098585961
5.08150277774345,4.92425242671511,0.0754173218774804
5.02531566613149,3.1187587021958,0.0965095921735684
7.12261407119782,0.894299102186335,0.0754760379581061
6.3974007746761,1.44597594665956,0.0834131657875136
2.84345781334136,0.833540276620105,0.246011977993883
0.0988136392884191,4.43296379002007,0.523384857136017
5.94720617354464,4.59620114864135,0.0620214653353252
8.40946779435136,3.70847327632809,0.0387236619440806
4.86592938957816,4.57137450018083,0.0839176254691063
7.80738977574051,4.74321291463748,0.0385793884312536
4.12552355590645,3.41261011018656,0.121237511406719
3.7982960161712,4.67917377559146,0.114764150893702
8.98365819648433,3.69385872298432,0.0343420021656761
8.96646780711268,3.27939749252711,0.0364833180296602
7.20402659680656,1.4853297166262,0.0685915830653124
2.84894768954913,1.28449584019583,0.234741017728536
3.39931186102347,3.56705185730201,0.15004479615865
2.85213991497223,4.152226718595,0.168606430321034
7.79554869088112,2.69751462433439,0.0508979499983422
0.0467195980194849,3.10027053574705,0.615617980749018
0.847706380913318,0.101176046926712,0.566754899804651
4.41368993789916,3.90801513537964,0.104343940658466
2.51117107717814,4.0076566551719,0.194052456750738
9.057914220784,3.52814149948925,0.0345919085836751
8.80806501217847,0.765272305092477,0.053630684363508
7.16477075349721,0.933337107583571,0.0743856705082726
2.38728576211296,3.99688681431957,0.203430308187231
9.25205870067147,3.74506994574713,0.032263336737181
9.6952452031782,1.7981519512619,0.0388620503711377
5.78223361839574,4.91266218417208,0.0622250950075292
2.69073821546522,2.64655082637427,0.213470093900524
3.00949264047274,3.13208714746411,0.180421845775397
6.2530720018144,0.632348161196176,0.0955107272248447
7.79788101073905,1.99841849771941,0.0559855347040894
4.21119156175465,0.803879786920719,0.160780722710763
6.56948321744375,0.90694185058191,0.0856599856303443
4.23635195695261,1.03562298336074,0.155697854303275
3.51755523584599,1.62333246639352,0.181686834865058
6.24603411217022,2.11767757236578,0.0793948209856314
8.11436041493328,4.6415012368246,0.0364846732917619
4.93719373311201,1.95576237573984,0.114508157722762
0.532400386863955,4.29884571744811,0.428911478928673
4.83137692249958,4.91288352667916,0.081179767971031
5.0463317846039,2.65991370563007,0.101711149455667
4.36930424297866,3.78643937513426,0.107386095550898
3.76040518969038,1.79858952581894,0.165014164636407
7.77822462530243,0.570026766330506,0.0681139031966158
1.00157695240664,1.99766525070808,0.442747911511217
0.165761383531399,3.33736106479956,0.56635897482162
7.82319528669487,2.71816808514537,0.0504408981915024
8.53088070113505,3.86229402181968,0.0369443154054368
2.23757014192977,4.67529059232952,0.198639411156277
6.26897183678481,4.51140251018388,0.0576682034584362
0.647573564625496,4.79349568126982,0.38519019939073
2.38973018037386,4.62171266318389,0.18868719594405
4.59781081481156,0.625299527166374,0.146733334772473
6.62650033074983,4.84860948200641,0.0504307814980524
2.17758079938709,0.696608694973399,0.314838855433093
4.69953019647651,3.66643034712522,0.098834120233528
9.78195326386347,2.47533594304789,0.0346590910640884
5.13051128046006,3.33780549537998,0.0911056667276998
4.70137295228929,0.390998293334737,0.146077112789819
6.66107790333492,0.322432164989131,0.0899720240208625
5.21216226987115,4.67041715912495,0.0750573720049822
2.57317654172399,1.92231808043103,0.241402476830804
8.24103079913194,0.0466584923128772,0.0661366262466516
1.28859374315401,0.413646031974506,0.456152808543634
1.72009392778868,1.98674170350672,0.329632668357947
1.74976942612335,1.96165040533194,0.326677059503091
3.81964168081916,0.479510656065989,0.186513366846648
1.01672931578192,0.248944839305558,0.519309201565792
3.89818649159822,0.372005138850984,0.184061934341757
8.09852441873413,3.99192153660005,0.0399062499896237
3.53781044483904,3.428461869531,0.145804555501723
8.76442499386856,3.31965090185667,0.0378494645925912
9.58740627440752,1.62372112422867,0.0406995663266569
8.38660676602552,2.48909566127305,0.0460156987807833
1.15122374079698,1.31601946651507,0.444663671558728
5.62399182027888,2.30885782025726,0.0908982237698924
1.08516322556821,2.10172609526304,0.422558291900362
8.75793249307102,3.88801874476149,0.0350732082855173
3.50037811617448,1.26588742109975,0.189957499365854
8.97635542617133,3.22355672179108,0.0366906180808663
1.24252556609243,3.5530623084842,0.33795197697406
6.37834256152715,4.08828567530422,0.0592566770588517
8.72450645391816,3.55701291102357,0.0369481221130629
0.0116535151519617,2.67678650936681,0.65430410513231
3.04758905907967,2.03762344758884,0.202294484197311
0.289189062111272,2.95833580037244,0.554652757376835
5.49719557143998,1.25475797497905,0.107196191107506
1.75256346789709,0.494421886720238,0.376104531200585
5.90007523647855,3.68843039948398,0.0706466051752835
0.0521958879368517,1.38675936824861,0.732197154423756
2.82066368959748,2.30514747891808,0.212096515052591
7.5974595972428,1.27503476521867,0.0645604223641263
8.7187062477585,1.55539780330248,0.0489038411949123
5.0542014557089,1.88243256662509,0.111854369741301
4.83747920398441,3.39695945188557,0.0982678163592669
0.478486640311509,3.58113441721,0.474809375016805
7.50754757213777,4.95723032189349,0.0402060488482285
8.31268048161481,0.694041479147464,0.0598929563657284
8.6596063916599,2.5680506820184,0.0429476852928826
8.26716623318163,2.02017302294334,0.0503894987688003
4.99580318313787,4.96156158619314,0.0769277622252795
0.0886427513259269,1.66301372360741,0.698856875944487
3.41225839091117,3.22171081061416,0.155825996250307
7.40074830886275,1.97177650487084,0.0614369138510037
9.10705982347904,3.75636548940819,0.0331892706889623
2.93999251139298,2.69394784235325,0.194604319743909
1.86769948716602,3.87255371091769,0.252068292552206
8.84140116554966,0.473694215742194,0.055452208273187
3.84090979050433,3.76745367583028,0.126805431821784
6.16882799740602,0.705377712661447,0.0966386038583171
5.96956222043792,4.09526819138461,0.0657879387079732
3.23335952771096,4.72243007411096,0.13772342385779
6.40008568885117,4.09060927214411,0.058913114924274
4.4860089741744,3.07917212138827,0.113361557019178
6.98420269342026,3.88747012812113,0.0523740625666041
1.62005330720139,2.16403014439651,0.33659128694453
1.9541903721419,0.355032693822254,0.352408413055898
4.82795444596305,4.30658544533476,0.0877524377493323
5.00062646014284,2.23315916996971,0.108700867539724
7.68040714532305,2.81060527648758,0.0514353810427184
1.92921564718993,1.37221217946112,0.323814563872965
9.92070922066672,0.401568274398694,0.0456003191252969
3.25334530817353,2.40475289563158,0.181056368827665
8.45931268374223,0.783258390319559,0.0574155157789679
8.18078484470215,0.389586495858196,0.0640773523238659
9.06490663252405,3.33801628335961,0.0354580761253766
7.39398047780623,1.24756887643993,0.0678023134124783
3.16697253772043,3.82390686262403,0.15724932086598
0.276525962692945,2.14620941460959,0.606804100413413
5.63026035676785,0.975363864538589,0.107073729102176
9.56582362907937,4.3153715591873,0.0280235007777917
1.5607732082097,2.5454080641197,0.330866844630678
7.57683138168742,2.4259959017081,0.0554925900114579
0.414346432856672,0.0871707002892276,0.695591828892562
1.9460973968963,0.458555046782496,0.350384187778271
5.2025221607285,3.42548876335574,0.088290422664823
4.64904783641592,4.66591611690802,0.0883677075224827
7.89451765569663,4.61404515502766,0.0384682925764393
1.28132848352747,1.76935121659392,0.402517517822686
8.92336844640607,4.65954713037325,0.0305530078531466
1.76456817292144,0.344587838100621,0.379168987594512
4.34893719587946,3.36221120613705,0.113976542708931
1.49423502108395,2.46624985669153,0.342833598399113
6.88726821028095,2.53684840777569,0.0642019842516658
8.13940800060631,0.657720546872653,0.0623896429240935
1.92611152236041,1.14091852583358,0.331645969916159
5.78123360472183,3.71316368357177,0.0726673838717648
7.20822399599158,2.61576599948408,0.0588770511796496
4.75137460343073,0.144951700551817,0.147647678628233
2.61998751864646,3.63587434639282,0.194942374190147
7.34082606681567,1.30904732848995,0.0680621585566139
3.49237111030953,3.96563999930442,0.138538745766649
6.71430132947433,4.18525764343714,0.0537893181988496
0.551473425131791,3.31676619961665,0.47181369717218
8.96966075758767,0.277416429466842,0.0555348022164595
5.21640823686816,4.27455596126759,0.0788579035538208
2.75268005832611,2.05602417418461,0.223336116952764
8.43431996846232,0.0025051116238037,0.0639734663690889
4.42485037432375,4.49105783916467,0.0966144377130142
6.69216037879207,4.5518649824144,0.051556734406408
9.92548168593308,1.98107292320384,0.0361997864384469
8.52598513503163,4.76863866530678,0.0327824589550018
9.3346140599534,0.0590501389701891,0.0533438129261285
8.62055467040887,2.86189630107079,0.0415674860112129
0.671360000102144,4.79955983116843,0.380643534228821
2.91856638455129,3.30151077717618,0.182466540852885
1.96389907085118,4.57155258400471,0.223688670458141
4.11028440608318,1.96942644600962,0.145313597672409
4.19199150453133,4.16485821019844,0.108087488429324
9.58175915449051,1.77787067036961,0.0398471477593621
9.23997230424652,3.06333998957674,0.0355364700314094
9.83572339510442,3.19092488921793,0.0309879821595568
3.81356072508308,0.583716924568748,0.184972735268574
9.6399451927967,3.10292721475848,0.0326087438020961
5.9029704836141,2.46404057786156,0.0828240255563158
5.01065474511041,4.83678962126255,0.0778193835709541
2.82140633593445,3.00754716867926,0.195468192969145
1.62433633554885,1.90531296586999,0.34528087361663
4.48797760393143,2.85143397834763,0.116574271882934
3.47327807412513,3.48353252413545,0.147922967238875
5.23850883026913,0.348774865999573,0.127093571657711
5.43820952942491,0.893837050444494,0.113596867962458
0.108870264069356,0.114106390743373,0.809911986463811
2.96596818771702,1.5777648560914,0.218751606148362
1.68347017931594,4.30123318172328,0.258345806809582
9.58416617364066,1.53268605736371,0.0412647655674869
2.36484438245088,1.97893396169626,0.258555527609045
8.3258879219635,2.71610103317137,0.0451760703263749
7.07713685236651,2.07904035319455,0.0652595337301097
5.60646730537343,1.66793458326142,0.0990322482395272
7.01077788357749,2.61940949926883,0.0616520877030383
2.1206185933633,4.7242307638008,0.206614481695511
6.91001413408335,4.99363063949055,0.0461502998098458
6.21581481247084,1.90972121313647,0.0821862442599038
7.17405818682999,1.32205076082468,0.070568662219372
1.52766729407077,4.69738247285645,0.263270108697002
0.943345228806685,0.248662652595211,0.536297494437043
9.51094213445629,4.62062722487127,0.0272063010650983
4.03967213193537,3.37724754088701,0.12505024836512
6.43396071212735,4.18705289154446,0.0576785035736144
9.60399463796028,3.46385895362257,0.0312319578138367
8.37249964763939,0.80619299781871,0.0582686533612708
1.30707610907666,4.01508201770484,0.312244722844024
5.00974165098132,2.33090660935062,0.107107681182531
1.81786005029642,1.8828707893752,0.320760941332807
0.504666930398332,3.28740950870532,0.483750620655829
8.94988557292487,3.89322803896492,0.0336601841641879
2.66083746804513,2.94205287286344,0.208482400758848
0.538528317807438,4.15535858194861,0.434247748573002
4.99346931331679,1.38559826907677,0.120772915706881
7.80055100828172,4.53223925369285,0.0397217665728273
5.56936589326463,3.18008378990063,0.082421958727728
1.35126488189279,3.28374311481808,0.332554097878003
3.88599022450679,3.26287904679159,0.133080913437875
2.57721625420129,0.173898744392046,0.285784694444975
5.27319139284968,0.704234345615863,0.121186615557338
9.02590304583828,2.04332125296613,0.0428613528409315
8.53043134794622,0.0902935139262436,0.0620602926859889
8.36755899895542,0.853093849956364,0.0579579222334007
2.15935331622751,1.7596090450644,0.285435975886323
1.33623111139894,3.87844660057407,0.313171111880396
1.20317972767868,4.37845004372889,0.313470837011095
8.74549456373457,3.4276349947242,0.0374415211314606
0.801123999448644,1.66055271403553,0.500203526624855
3.89436070962046,4.23962258951732,0.117546158591624
1.8188236081103,0.0185857733614421,0.381232570065848
4.11171065058775,2.16197723401542,0.141961240051274
8.33316551911376,2.11495483430316,0.0490318825904826
9.78352468760188,4.34427310544866,0.0267270282440641
0.0434850545835129,2.49033348004335,0.656441693068869
5.59844448530249,2.98696416243809,0.0838541027199232
7.51729456123356,2.71725529914852,0.0540643306838783
3.90066805203594,4.73916980339566,0.110229854733937
3.08643478905721,3.14412508064184,0.175473130219999
